epoch,time,train/box_loss,train/seg_loss,train/cls_loss,train/l1_loss,train/sem_loss,metrics/precision(B),metrics/recall(B),metrics/mAP50(B),metrics/mAP50-95(B),metrics/precision(M),metrics/recall(M),metrics/mAP50(M),metrics/mAP50-95(M),val/box_loss,val/seg_loss,val/cls_loss,val/l1_loss,val/sem_loss,lr/pg0,lr/pg1,lr/pg2
1,22.4041,0.87468,3.45471,4.40206,0.01557,3.77577,0.007,1,0.85095,0.66387,0.007,1,0.85095,0.64354,0.67354,1.96335,7.00691,0.02417,0,0.000543587,0.000543587,0.000543587
2,27.7716,0.74455,1.24645,3.15153,0.01249,1.31506,0.98485,0.5,0.82086,0.61656,0.98485,0.5,0.82086,0.69651,0.71651,0.82698,6.21635,0.02069,0,0.00109563,0.00109563,0.00109563
3,32.9768,0.83229,0.95869,2.5583,0.01649,0.7083,0.97976,0.96,0.99313,0.74201,0.97976,0.96,0.99313,0.85841,1.17599,0.77693,5.25003,0.03967,0,0.001644,0.001644,0.001644
4,38.1868,0.87318,0.90963,2.16231,0.01664,0.48923,1,0.89114,0.97062,0.68805,1,0.89114,0.97679,0.82372,1.1341,1.16326,4.35153,0.03509,0,0.0016505,0.0016505,0.0016505
5,43.3905,0.8215,0.8051,1.83544,0.01532,0.36432,0.91511,0.9645,0.98812,0.82114,0.91511,0.9645,0.98812,0.88982,0.88092,0.52006,3.70325,0.02527,0,0.001645,0.001645,0.001645
6,48.5576,0.75167,0.80953,1.5719,0.01284,0.33004,0.95677,0.99778,0.995,0.75006,0.95677,0.99778,0.995,0.86066,1.09639,0.53628,3.07138,0.0332,0,0.00163949,0.00163949,0.00163949
7,53.8297,0.71736,0.77683,1.37369,0.01253,0.31184,0.99384,1,0.995,0.79092,0.99384,1,0.995,0.88712,0.81772,0.50179,2.52405,0.02547,0,0.00163399,0.00163399,0.00163399
8,59.0426,0.69494,0.72178,1.21739,0.0123,0.28448,0.99239,1,0.995,0.78196,0.99239,1,0.995,0.84524,0.95119,0.51717,2.16858,0.03214,0,0.00162849,0.00162849,0.00162849
9,64.3961,0.70923,0.73092,1.0961,0.0132,0.26525,0.98937,1,0.995,0.78403,0.98937,1,0.995,0.9403,0.93427,0.48362,2.3006,0.03692,0,0.00162299,0.00162299,0.00162299
10,69.8487,0.65489,0.68911,0.99832,0.01158,0.23496,0.99175,1,0.995,0.86795,0.99175,1,0.995,0.93038,0.73715,0.50555,1.60133,0.02371,0,0.00161749,0.00161749,0.00161749
11,75.1329,0.69709,0.68667,0.94109,0.01271,0.24329,0.98704,1,0.995,0.86978,0.98704,1,0.995,0.92434,0.70026,0.46007,1.49315,0.02207,0,0.00161199,0.00161199,0.00161199
12,80.4539,0.67203,0.67829,0.85651,0.01169,0.21761,0.99492,1,0.995,0.88353,0.99492,1,0.995,0.95305,0.72037,0.45441,1.28681,0.0211,0,0.00160649,0.00160649,0.00160649
13,85.8477,0.60456,0.66954,0.76479,0.00959,0.2041,0.9916,1,0.995,0.85245,0.9916,1,0.995,0.94934,0.65085,0.53339,1.3167,0.02097,0,0.00160099,0.00160099,0.00160099
14,91.1909,0.58888,0.65002,0.73457,0.01013,0.23512,0.99276,1,0.995,0.86113,0.99276,1,0.995,0.94426,0.64483,0.46321,1.16155,0.02086,0,0.00159549,0.00159549,0.00159549
15,96.5061,0.60899,0.64128,0.6985,0.0101,0.23392,0.99508,1,0.995,0.8797,0.99508,1,0.995,0.94491,0.6279,0.44536,0.97053,0.0194,0,0.00158998,0.00158998,0.00158998
16,101.762,0.59009,0.6344,0.65866,0.01029,0.21148,0.99599,1,0.995,0.88271,0.99599,1,0.995,0.93584,0.65315,0.45269,0.89924,0.01802,0,0.00158448,0.00158448,0.00158448
17,107.053,0.5597,0.61334,0.61635,0.00923,0.21017,0.98441,1,0.995,0.88563,0.98441,1,0.995,0.94938,0.51917,0.41745,0.76911,0.01345,0,0.00157898,0.00157898,0.00157898
18,112.29,0.58583,0.5892,0.57339,0.0099,0.18465,0.99203,1,0.995,0.8561,0.99203,1,0.995,0.91458,0.6469,0.41419,0.82113,0.02105,0,0.00157348,0.00157348,0.00157348
19,117.536,0.54071,0.57576,0.55659,0.00923,0.19252,0.99506,1,0.995,0.91273,0.99506,1,0.995,0.9449,0.54358,0.47027,0.71249,0.014,0,0.00156798,0.00156798,0.00156798
20,122.9,0.50381,0.60922,0.52049,0.00795,0.2154,0.99493,1,0.995,0.89591,0.99493,1,0.995,0.95546,0.48121,0.41323,0.63591,0.01398,0,0.00156248,0.00156248,0.00156248
21,128.316,0.51377,0.60082,0.48757,0.00825,0.21599,0.9958,1,0.995,0.92076,0.9958,1,0.995,0.9579,0.51505,0.40899,0.56126,0.01496,0,0.00155698,0.00155698,0.00155698
22,133.704,0.53619,0.62426,0.51166,0.00848,0.23679,0.99516,1,0.995,0.89693,0.99516,1,0.995,0.95908,0.59953,0.43928,0.61692,0.01984,0,0.00155148,0.00155148,0.00155148
23,138.974,0.52855,0.64911,0.49888,0.00863,0.23548,0.99459,1,0.995,0.91362,0.99459,1,0.995,0.94434,0.47281,0.42848,0.59946,0.0137,0,0.00154598,0.00154598,0.00154598
24,144.6,0.5499,0.60945,0.48215,0.00906,0.2127,0.99468,1,0.995,0.8724,0.99468,1,0.995,0.93612,0.56379,0.42008,0.53456,0.01512,0,0.00154047,0.00154047,0.00154047
25,149.866,0.55748,0.61399,0.46305,0.0092,0.21656,0.99475,1,0.995,0.87968,0.99475,1,0.995,0.91736,0.59917,0.43047,0.5919,0.01829,0,0.00153497,0.00153497,0.00153497
26,154.97,0.56444,0.62211,0.46905,0.00939,0.19344,0.99247,1,0.995,0.89746,0.99247,1,0.995,0.93456,0.56064,0.41188,0.57758,0.01698,0,0.00152947,0.00152947,0.00152947
27,160.84,0.49823,0.57968,0.42322,0.00815,0.20282,0.99173,1,0.995,0.93396,0.99173,1,0.995,0.95214,0.42077,0.39496,0.50563,0.01076,0,0.00152397,0.00152397,0.00152397
28,166.476,0.50829,0.60898,0.43718,0.00848,0.19131,0.99521,1,0.995,0.91086,0.99521,1,0.995,0.94557,0.56535,0.42381,0.66279,0.01738,0,0.00151847,0.00151847,0.00151847
29,172.109,0.52697,0.61007,0.4076,0.00815,0.20513,0.99155,1,0.995,0.8967,0.99155,1,0.995,0.94837,0.5409,0.38262,0.5036,0.01597,0,0.00151297,0.00151297,0.00151297
30,178.012,0.51595,0.57821,0.4149,0.00848,0.19994,0.99407,1,0.995,0.909,0.99407,1,0.995,0.95352,0.46435,0.37489,0.41252,0.0129,0,0.00150747,0.00150747,0.00150747
31,183.728,0.48516,0.58137,0.3911,0.00763,0.21959,0.9956,1,0.995,0.90341,0.9956,1,0.995,0.95648,0.51391,0.48676,0.48448,0.01311,0,0.00150197,0.00150197,0.00150197
32,189.373,0.47824,0.59004,0.4045,0.00769,0.20098,0.99327,1,0.995,0.90479,0.99327,1,0.995,0.93942,0.38216,0.41686,0.39363,0.01081,0,0.00149647,0.00149647,0.00149647
33,194.791,0.49978,0.5851,0.39691,0.00752,0.19162,0.99537,1,0.995,0.91718,0.99537,1,0.995,0.94372,0.44686,0.4321,0.44451,0.0131,0,0.00149096,0.00149096,0.00149096
34,199.932,0.5293,0.59477,0.3901,0.00858,0.17321,0.99243,1,0.995,0.86588,0.99243,1,0.995,0.93011,0.64414,0.40232,0.47116,0.02017,0,0.00148546,0.00148546,0.00148546
35,205.963,0.51319,0.57389,0.38779,0.00861,0.20113,0.98913,1,0.995,0.88874,0.98913,1,0.995,0.95251,0.56357,0.36785,0.48051,0.01634,0,0.00147996,0.00147996,0.00147996
36,211.618,0.51173,0.59475,0.37386,0.00773,0.18924,0.99267,1,0.995,0.91058,0.99267,1,0.995,0.94952,0.46727,0.38595,0.38763,0.01334,0,0.00147446,0.00147446,0.00147446
37,217.496,0.45776,0.56007,0.33601,0.00738,0.18307,0.99452,1,0.995,0.92468,0.99452,1,0.995,0.94599,0.44297,0.38575,0.43674,0.01285,0,0.00146896,0.00146896,0.00146896
38,222.651,0.45633,0.56333,0.35049,0.00712,0.17039,0.99557,1,0.995,0.91339,0.99557,1,0.995,0.94955,0.67323,0.41133,0.41658,0.0214,0,0.00146346,0.00146346,0.00146346
39,228.765,0.4621,0.56428,0.34029,0.00694,0.18543,0.99383,1,0.995,0.91837,0.99383,1,0.995,0.948,0.45053,0.45053,0.29825,0.01416,0,0.00145796,0.00145796,0.00145796
40,233.7,0.46736,0.54677,0.34458,0.00763,0.16335,0.99356,1,0.995,0.92233,0.99356,1,0.995,0.9586,0.51538,0.39012,0.29157,0.01296,0,0.00145246,0.00145246,0.00145246
41,238.638,0.46988,0.55167,0.33477,0.00737,0.17267,0.99506,1,0.995,0.89396,0.99506,1,0.995,0.96481,0.38085,0.36713,0.25657,0.01002,0,0.00144696,0.00144696,0.00144696
42,243.562,0.45615,0.54142,0.3441,0.00683,0.16444,0.99535,1,0.995,0.89165,0.99535,1,0.995,0.94453,0.57196,0.40539,0.44548,0.01862,0,0.00144145,0.00144145,0.00144145
43,248.561,0.47764,0.55664,0.32544,0.00725,0.18667,0.99383,1,0.995,0.9319,0.99383,1,0.995,0.9471,0.41681,0.38131,0.34251,0.01048,0,0.00143595,0.00143595,0.00143595
44,253.811,0.44119,0.51882,0.3281,0.00705,0.16801,0.99604,1,0.995,0.91181,0.99604,1,0.995,0.93523,0.39733,0.42307,0.27216,0.01182,0,0.00143045,0.00143045,0.00143045
45,258.96,0.42533,0.5497,0.31862,0.00655,0.19523,0.99504,1,0.995,0.90882,0.99504,1,0.995,0.93873,0.4358,0.39476,0.22983,0.01281,0,0.00142495,0.00142495,0.00142495
46,264.033,0.45672,0.56727,0.32817,0.00697,0.17706,0.99407,1,0.995,0.93644,0.99407,1,0.995,0.95758,0.39932,0.35872,0.26467,0.0105,0,0.00141945,0.00141945,0.00141945
47,269.463,0.42883,0.52946,0.28882,0.00632,0.16438,0.99345,1,0.995,0.91921,0.99345,1,0.995,0.95257,0.41603,0.35513,0.26708,0.01221,0,0.00141395,0.00141395,0.00141395
48,274.677,0.46081,0.5306,0.31386,0.00744,0.16998,0.9947,1,0.995,0.93113,0.9947,1,0.995,0.95115,0.45473,0.38118,0.33485,0.01285,0,0.00140845,0.00140845,0.00140845
49,279.974,0.45579,0.52654,0.28968,0.00748,0.17339,0.99251,1,0.995,0.93817,0.99251,1,0.995,0.96293,0.46807,0.35109,0.31266,0.01246,0,0.00140295,0.00140295,0.00140295
50,284.945,0.43176,0.52775,0.28631,0.00683,0.17052,0.99369,1,0.995,0.91099,0.99369,1,0.995,0.95864,0.48172,0.37241,0.2618,0.01337,0,0.00139745,0.00139745,0.00139745
51,289.955,0.44091,0.52159,0.29857,0.00702,0.1655,0.98861,1,0.995,0.92673,0.98861,1,0.995,0.95207,0.38219,0.38108,0.3249,0.01003,0,0.00139195,0.00139195,0.00139195
52,294.912,0.45569,0.52752,0.30066,0.00709,0.1719,0.99259,1,0.995,0.89081,0.99259,1,0.995,0.947,0.51262,0.38025,0.37625,0.01428,0,0.00138644,0.00138644,0.00138644
53,299.939,0.47233,0.5166,0.30716,0.00764,0.15927,0.98771,1,0.995,0.89148,0.98771,1,0.995,0.94848,0.45496,0.36482,0.3701,0.01204,0,0.00138094,0.00138094,0.00138094
54,304.936,0.47554,0.54636,0.33982,0.00769,0.17233,0.99416,1,0.995,0.95132,0.99416,1,0.995,0.96406,0.34651,0.35287,0.35665,0.00992,0,0.00137544,0.00137544,0.00137544
55,310.018,0.42141,0.50299,0.2758,0.00684,0.16829,0.99566,1,0.995,0.95103,0.99566,1,0.995,0.95104,0.33913,0.3736,0.37059,0.00934,0,0.00136994,0.00136994,0.00136994
56,315.221,0.46404,0.51197,0.31572,0.0074,0.17551,0.99395,1,0.995,0.92752,0.99395,1,0.995,0.95603,0.43239,0.36048,0.28951,0.01077,0,0.00136444,0.00136444,0.00136444
57,320.402,0.44694,0.51852,0.29852,0.00745,0.18907,0.98706,1,0.995,0.89254,0.98706,1,0.995,0.95893,0.45872,0.33174,0.27286,0.01302,0,0.00135894,0.00135894,0.00135894
58,325.597,0.45257,0.52123,0.29844,0.00717,0.1958,0.99356,1,0.995,0.88664,0.99356,1,0.995,0.94456,0.53369,0.36263,0.383,0.01195,0,0.00135344,0.00135344,0.00135344
59,330.715,0.43823,0.54113,0.29629,0.00695,0.17551,0.99587,1,0.995,0.88784,0.99587,1,0.995,0.95353,0.54352,0.35542,0.42369,0.01555,0,0.00134794,0.00134794,0.00134794
60,335.793,0.45267,0.54106,0.30312,0.0071,0.15969,0.99403,1,0.995,0.9035,0.99403,1,0.995,0.95456,0.46935,0.36238,0.33108,0.01296,0,0.00134244,0.00134244,0.00134244
61,340.933,0.4655,0.55347,0.32172,0.00706,0.1826,0.98971,1,0.995,0.89423,0.98971,1,0.995,0.92582,0.47025,0.36845,0.30128,0.01337,0,0.00133693,0.00133693,0.00133693
62,345.815,0.42768,0.54341,0.28822,0.00688,0.16836,0.99422,1,0.995,0.89839,0.99422,1,0.995,0.92694,0.414,0.38163,0.33017,0.01292,0,0.00133143,0.00133143,0.00133143
63,350.765,0.43155,0.52835,0.28793,0.00661,0.18309,0.99472,1,0.995,0.94164,0.99472,1,0.995,0.96522,0.33714,0.34268,0.2646,0.00887,0,0.00132593,0.00132593,0.00132593
64,355.845,0.43506,0.51825,0.27427,0.00668,0.17275,0.99598,1,0.995,0.92568,0.99598,1,0.995,0.95597,0.38429,0.34047,0.30516,0.01013,0,0.00132043,0.00132043,0.00132043
65,360.758,0.42489,0.51969,0.25507,0.00641,0.16094,0.99502,1,0.995,0.93976,0.99502,1,0.995,0.96609,0.35809,0.38292,0.24352,0.00921,0,0.00131493,0.00131493,0.00131493
66,365.713,0.43818,0.52525,0.27503,0.00664,0.15763,0.99363,1,0.995,0.9494,0.99363,1,0.995,0.95894,0.38892,0.35065,0.34837,0.01083,0,0.00130943,0.00130943,0.00130943
67,370.64,0.42189,0.50165,0.26998,0.00649,0.15834,0.99384,1,0.995,0.92404,0.99384,1,0.995,0.94711,0.3713,0.34668,0.2815,0.01035,0,0.00130393,0.00130393,0.00130393
68,375.678,0.38906,0.49578,0.24485,0.00605,0.1503,0.99387,1,0.995,0.93888,0.99387,1,0.995,0.96262,0.43654,0.3514,0.24864,0.0106,0,0.00129843,0.00129843,0.00129843
69,381.189,0.45178,0.53148,0.27516,0.00666,0.15591,0.99516,1,0.995,0.92497,0.99516,1,0.995,0.97025,0.41057,0.33889,0.24252,0.01143,0,0.00129293,0.00129293,0.00129293
70,386.285,0.41759,0.56088,0.26292,0.00612,0.15396,0.99323,1,0.995,0.9321,0.99323,1,0.995,0.96361,0.41899,0.34273,0.20956,0.01163,0,0.00128742,0.00128742,0.00128742
71,391.687,0.40361,0.51872,0.26367,0.00589,0.15809,0.9946,1,0.995,0.94457,0.9946,1,0.995,0.97049,0.37025,0.34679,0.2737,0.00953,0,0.00128192,0.00128192,0.00128192
72,397.008,0.39423,0.5094,0.25941,0.00565,0.14991,0.99483,1,0.995,0.93943,0.99483,1,0.995,0.97618,0.42062,0.34114,0.27487,0.0124,0,0.00127642,0.00127642,0.00127642
73,402.244,0.41034,0.50712,0.27016,0.00629,0.14964,0.99477,1,0.995,0.90985,0.99477,1,0.995,0.9618,0.37973,0.32796,0.27219,0.00996,0,0.00127092,0.00127092,0.00127092
74,407.187,0.4069,0.49559,0.27026,0.00603,0.15069,0.99172,1,0.995,0.94962,0.99172,1,0.995,0.95701,0.33031,0.33769,0.24608,0.00869,0,0.00126542,0.00126542,0.00126542
75,412.226,0.4095,0.50203,0.25248,0.00595,0.14717,0.99498,1,0.995,0.92244,0.99498,1,0.995,0.9593,0.36736,0.34193,0.26323,0.0102,0,0.00125992,0.00125992,0.00125992
76,417.213,0.38748,0.48103,0.23829,0.00617,0.15291,0.99254,1,0.995,0.94242,0.99254,1,0.995,0.96866,0.38674,0.34257,0.24634,0.01084,0,0.00125442,0.00125442,0.00125442
77,422.137,0.38804,0.47136,0.22756,0.00568,0.14171,0.99247,1,0.995,0.95126,0.99247,1,0.995,0.95438,0.35797,0.34861,0.19683,0.00912,0,0.00124892,0.00124892,0.00124892
78,427.174,0.40459,0.48672,0.24304,0.0061,0.15025,0.99421,1,0.995,0.97343,0.99421,1,0.995,0.96363,0.34749,0.34061,0.34683,0.01033,0,0.00124342,0.00124342,0.00124342
79,432.152,0.39083,0.49525,0.237,0.00592,0.15882,0.99385,1,0.995,0.95331,0.99385,1,0.995,0.95891,0.38582,0.34466,0.29409,0.01062,0,0.00123791,0.00123791,0.00123791
80,437.146,0.37135,0.49166,0.2271,0.00529,0.14728,0.99604,1,0.995,0.9481,0.99604,1,0.995,0.96678,0.32722,0.34015,0.26804,0.00737,0,0.00123241,0.00123241,0.00123241
81,442.132,0.3711,0.4703,0.23976,0.00566,0.1411,0.99646,1,0.995,0.97393,0.99646,1,0.995,0.97057,0.34957,0.33621,0.22531,0.00957,0,0.00122691,0.00122691,0.00122691
82,447.234,0.37171,0.46836,0.23325,0.0056,0.15411,0.99499,1,0.995,0.96385,0.99499,1,0.995,0.97264,0.31684,0.36532,0.25913,0.00824,0,0.00122141,0.00122141,0.00122141
83,452.218,0.39033,0.50297,0.23994,0.00584,0.15665,0.99432,1,0.995,0.9547,0.99432,1,0.995,0.96077,0.33958,0.33881,0.24946,0.00927,0,0.00121591,0.00121591,0.00121591
84,457.334,0.39867,0.4918,0.23709,0.00594,0.13796,0.99541,1,0.995,0.96235,0.99541,1,0.995,0.97025,0.28478,0.32737,0.21764,0.00686,0,0.00121041,0.00121041,0.00121041
85,462.237,0.38025,0.48287,0.23291,0.00591,0.16401,0.99504,1,0.995,0.93826,0.99504,1,0.995,0.96002,0.36212,0.31967,0.31848,0.01088,0,0.00120491,0.00120491,0.00120491
86,467.128,0.40718,0.46972,0.24099,0.00622,0.15713,0.99526,1,0.995,0.93462,0.99526,1,0.995,0.95682,0.4813,0.34284,0.32229,0.01377,0,0.00119941,0.00119941,0.00119941
87,472.065,0.39889,0.47458,0.2274,0.00592,0.14802,0.9946,1,0.995,0.9632,0.9946,1,0.995,0.96691,0.29493,0.36265,0.24581,0.00761,0,0.00119391,0.00119391,0.00119391
88,477.053,0.37593,0.4787,0.2324,0.00555,0.14016,0.9963,1,0.995,0.9505,0.9963,1,0.995,0.96825,0.37515,0.33649,0.24713,0.01037,0,0.0011884,0.0011884,0.0011884
89,481.981,0.403,0.49251,0.22895,0.00599,0.14879,0.99562,1,0.995,0.95206,0.99562,1,0.995,0.9695,0.4121,0.34574,0.2445,0.01139,0,0.0011829,0.0011829,0.0011829
90,486.889,0.39313,0.49972,0.23263,0.00568,0.14795,0.99555,1,0.995,0.96961,0.99555,1,0.995,0.96113,0.27936,0.34258,0.17,0.00775,0,0.0011774,0.0011774,0.0011774
91,491.828,0.39209,0.48741,0.23229,0.00585,0.15281,0.99558,1,0.995,0.96662,0.99558,1,0.995,0.96906,0.32166,0.32436,0.18318,0.00764,0,0.0011719,0.0011719,0.0011719
92,497.951,0.38412,0.48652,0.2404,0.00533,0.14635,0.99486,1,0.995,0.93818,0.99486,1,0.995,0.96171,0.38179,0.3146,0.31401,0.0111,0,0.0011664,0.0011664,0.0011664
93,503.985,0.3918,0.48538,0.23378,0.00588,0.16989,0.99478,1,0.995,0.96768,0.99478,1,0.995,0.96913,0.29758,0.32073,0.2787,0.00798,0,0.0011609,0.0011609,0.0011609
94,510.335,0.41532,0.49055,0.24268,0.00633,0.15742,0.99393,1,0.995,0.93789,0.99393,1,0.995,0.96913,0.42395,0.32788,0.29171,0.01347,0,0.0011554,0.0011554,0.0011554
95,516.479,0.38078,0.47498,0.22856,0.0059,0.14594,0.99584,1,0.995,0.97514,0.99584,1,0.995,0.96318,0.35387,0.32225,0.26074,0.00902,0,0.0011499,0.0011499,0.0011499
96,522.083,0.38664,0.48654,0.23032,0.00583,0.148,0.99504,1,0.995,0.96604,0.99504,1,0.995,0.97113,0.418,0.32786,0.26414,0.01159,0,0.0011444,0.0011444,0.0011444
97,527.64,0.35279,0.45283,0.20153,0.00525,0.15946,0.99631,1,0.995,0.93605,0.99631,1,0.995,0.95927,0.38539,0.33207,0.19553,0.01046,0,0.00113889,0.00113889,0.00113889
98,533.352,0.38889,0.48995,0.21029,0.00584,0.15229,0.99565,1,0.995,0.92465,0.99565,1,0.995,0.965,0.39571,0.33304,0.22697,0.01169,0,0.00113339,0.00113339,0.00113339
99,539.12,0.38215,0.47226,0.2178,0.00598,0.147,0.99369,1,0.995,0.93561,0.99369,1,0.995,0.95724,0.39518,0.33345,0.21523,0.01214,0,0.00112789,0.00112789,0.00112789
100,544.862,0.36626,0.46356,0.21525,0.00587,0.13965,0.99423,1,0.995,0.97249,0.99423,1,0.995,0.96251,0.28975,0.31433,0.24962,0.00834,0,0.00112239,0.00112239,0.00112239
101,550.353,0.36843,0.47199,0.21033,0.00535,0.15183,0.99587,1,0.995,0.95949,0.99587,1,0.995,0.95895,0.31733,0.33301,0.1531,0.00864,0,0.00111689,0.00111689,0.00111689
102,555.319,0.37375,0.48383,0.22579,0.00493,0.14617,0.99517,1,0.995,0.95464,0.99517,1,0.995,0.95997,0.34495,0.33077,0.26443,0.00964,0,0.00111139,0.00111139,0.00111139
103,561.314,0.35646,0.4682,0.1985,0.00488,0.15456,0.99637,1,0.995,0.96779,0.99637,1,0.995,0.96905,0.2941,0.32648,0.23352,0.00695,0,0.00110589,0.00110589,0.00110589
104,567.329,0.3899,0.46566,0.23207,0.00569,0.14637,0.99539,1,0.995,0.96776,0.99539,1,0.995,0.96138,0.30895,0.37614,0.24952,0.00792,0,0.00110039,0.00110039,0.00110039
105,572.878,0.38149,0.47068,0.21163,0.00527,0.14687,0.99528,1,0.995,0.97745,0.99528,1,0.995,0.97008,0.34777,0.32228,0.18972,0.00937,0,0.00109489,0.00109489,0.00109489
106,578.673,0.37508,0.45859,0.21133,0.00559,0.13623,0.99545,1,0.995,0.95793,0.99545,1,0.995,0.96823,0.30022,0.31147,0.18739,0.00787,0,0.00108938,0.00108938,0.00108938
107,584.337,0.36747,0.47,0.22682,0.00515,0.14516,0.99459,1,0.995,0.96426,0.99459,1,0.995,0.96606,0.35584,0.32615,0.17999,0.01023,0,0.00108388,0.00108388,0.00108388
108,589.32,0.37333,0.4872,0.22048,0.00519,0.14351,0.99498,1,0.995,0.97153,0.99498,1,0.995,0.96999,0.27024,0.31522,0.13824,0.00705,0,0.00107838,0.00107838,0.00107838
109,594.258,0.36987,0.45168,0.20387,0.00538,0.14816,0.99566,1,0.995,0.95365,0.99566,1,0.995,0.96568,0.32134,0.32002,0.21603,0.00911,0,0.00107288,0.00107288,0.00107288
110,599.19,0.34384,0.47387,0.21509,0.00468,0.16078,0.9955,1,0.995,0.94866,0.9955,1,0.995,0.96421,0.34622,0.33171,0.19263,0.00914,0,0.00106738,0.00106738,0.00106738
111,604.16,0.38603,0.48157,0.21812,0.00579,0.15982,0.99571,1,0.995,0.97455,0.99571,1,0.995,0.96879,0.36201,0.32917,0.16348,0.01032,0,0.00106188,0.00106188,0.00106188
112,609.219,0.38267,0.48974,0.22633,0.00537,0.17055,0.9761,1,0.995,0.96778,0.9761,1,0.995,0.97027,0.38713,0.337,0.18512,0.01156,0,0.00105638,0.00105638,0.00105638
113,614.413,0.36348,0.48474,0.20812,0.00526,0.15984,0.99459,1,0.995,0.95047,0.99459,1,0.995,0.96127,0.35871,0.32091,0.1855,0.0083,0,0.00105088,0.00105088,0.00105088
114,619.527,0.35788,0.46641,0.20721,0.00512,0.14916,0.99604,1,0.995,0.96081,0.99604,1,0.995,0.96368,0.3068,0.32606,0.16258,0.00778,0,0.00104538,0.00104538,0.00104538
115,624.713,0.35746,0.45773,0.20802,0.00549,0.14197,0.99532,1,0.995,0.96701,0.99532,1,0.995,0.95713,0.3115,0.31784,0.12339,0.00788,0,0.00103987,0.00103987,0.00103987
116,629.822,0.35578,0.45583,0.19799,0.00519,0.14762,0.99385,1,0.995,0.93538,0.99385,1,0.995,0.96923,0.36412,0.32377,0.16018,0.01053,0,0.00103437,0.00103437,0.00103437
117,635.045,0.37645,0.47519,0.22669,0.00549,0.15135,0.99487,1,0.995,0.96373,0.99487,1,0.995,0.96403,0.3125,0.34006,0.18719,0.00851,0,0.00102887,0.00102887,0.00102887
118,640.239,0.35614,0.45729,0.2042,0.00505,0.14224,0.99602,1,0.995,0.95419,0.99602,1,0.995,0.96146,0.30896,0.3164,0.18576,0.00837,0,0.00102337,0.00102337,0.00102337
119,645.228,0.36235,0.47388,0.22199,0.00485,0.14812,0.99611,1,0.995,0.9789,0.99611,1,0.995,0.96653,0.29022,0.32583,0.23147,0.00768,0,0.00101787,0.00101787,0.00101787
120,650.204,0.35955,0.46615,0.20086,0.00488,0.14319,0.99405,1,0.995,0.96304,0.99405,1,0.995,0.96609,0.33641,0.31591,0.25531,0.00891,0,0.00101237,0.00101237,0.00101237
121,655.149,0.34567,0.4657,0.20303,0.00484,0.1339,0.99478,1,0.995,0.97111,0.99478,1,0.995,0.9691,0.3084,0.30956,0.23148,0.00845,0,0.00100687,0.00100687,0.00100687
122,660.09,0.35187,0.467,0.2188,0.005,0.14818,0.99578,1,0.995,0.96301,0.99578,1,0.995,0.96398,0.35317,0.30927,0.26863,0.00989,0,0.00100137,0.00100137,0.00100137
123,665.013,0.33841,0.46041,0.19792,0.00495,0.14382,0.9962,1,0.995,0.98046,0.9962,1,0.995,0.95853,0.32668,0.32406,0.16978,0.00917,0,0.000995866,0.000995866,0.000995866
124,669.984,0.38152,0.46361,0.21679,0.00561,0.13621,0.99618,1,0.995,0.9863,0.99618,1,0.995,0.97048,0.35815,0.31182,0.15695,0.00896,0,0.000990365,0.000990365,0.000990365
125,675.041,0.34248,0.44667,0.19243,0.00501,0.14209,0.99645,1,0.995,0.96978,0.99645,1,0.995,0.97492,0.35913,0.30778,0.17456,0.00949,0,0.000984864,0.000984864,0.000984864
126,679.997,0.34303,0.44153,0.19469,0.00518,0.13631,0.99651,1,0.995,0.97144,0.99651,1,0.995,0.96671,0.29781,0.31072,0.21615,0.00803,0,0.000979362,0.000979362,0.000979362
127,684.964,0.33953,0.44941,0.19842,0.00482,0.13599,0.99617,1,0.995,0.96675,0.99617,1,0.995,0.96346,0.27892,0.32182,0.15706,0.00699,0,0.000973861,0.000973861,0.000973861
128,689.981,0.34515,0.44869,0.19149,0.0048,0.13723,0.99601,1,0.995,0.95527,0.99601,1,0.995,0.96913,0.32883,0.30753,0.21239,0.00972,0,0.00096836,0.00096836,0.00096836
129,695.138,0.33452,0.44025,0.1992,0.00489,0.14896,0.99627,1,0.995,0.97431,0.99627,1,0.995,0.97292,0.32625,0.3074,0.23446,0.00866,0,0.000962859,0.000962859,0.000962859
130,700.148,0.35281,0.4642,0.20858,0.0047,0.15689,0.9962,1,0.995,0.953,0.9962,1,0.995,0.97509,0.36407,0.30863,0.21607,0.01102,0,0.000957358,0.000957358,0.000957358
131,705,0.35566,0.44379,0.19654,0.00558,0.13667,0.99572,1,0.995,0.97178,0.99572,1,0.995,0.95332,0.33131,0.34213,0.16979,0.01017,0,0.000951857,0.000951857,0.000951857
132,709.921,0.35043,0.45269,0.20352,0.00532,0.14279,0.99627,1,0.995,0.98067,0.99627,1,0.995,0.97283,0.27218,0.3146,0.1576,0.00679,0,0.000946356,0.000946356,0.000946356
133,714.853,0.33754,0.45227,0.20568,0.00473,0.14085,0.99635,1,0.995,0.97315,0.99635,1,0.995,0.96968,0.28715,0.30445,0.26168,0.00762,0,0.000940855,0.000940855,0.000940855
134,719.767,0.31895,0.45375,0.18986,0.00448,0.14727,0.99581,1,0.995,0.9625,0.99581,1,0.995,0.96988,0.35328,0.31413,0.18854,0.00846,0,0.000935354,0.000935354,0.000935354
135,724.699,0.331,0.43393,0.19104,0.00465,0.1344,0.99548,1,0.995,0.96723,0.99548,1,0.995,0.96752,0.30867,0.33881,0.20515,0.00861,0,0.000929853,0.000929853,0.000929853
136,729.662,0.33981,0.44243,0.18406,0.00475,0.1451,0.99575,1,0.995,0.97305,0.99575,1,0.995,0.96657,0.28283,0.32467,0.19653,0.0072,0,0.000924352,0.000924352,0.000924352
137,734.798,0.32742,0.44518,0.19643,0.00451,0.13234,0.99567,1,0.995,0.96036,0.99567,1,0.995,0.96382,0.3169,0.31041,0.23619,0.00942,0,0.00091885,0.00091885,0.00091885
138,739.896,0.32855,0.4368,0.20013,0.00452,0.13785,0.99637,1,0.995,0.95582,0.99637,1,0.995,0.96147,0.30608,0.30291,0.20282,0.0087,0,0.000913349,0.000913349,0.000913349
139,744.973,0.32634,0.42788,0.18238,0.00493,0.13635,0.99585,1,0.995,0.9855,0.99585,1,0.995,0.96602,0.28182,0.31341,0.1907,0.00737,0,0.000907848,0.000907848,0.000907848
140,750.154,0.3234,0.45049,0.18378,0.00449,0.14303,0.99587,1,0.995,0.987,0.99587,1,0.995,0.97113,0.26833,0.32422,0.14782,0.00729,0,0.000902347,0.000902347,0.000902347
141,755.403,0.30108,0.43086,0.16872,0.00419,0.12659,0.99621,1,0.995,0.9617,0.99621,1,0.995,0.95916,0.30658,0.31378,0.22537,0.00721,0,0.000896846,0.000896846,0.000896846
142,760.49,0.33547,0.45657,0.19576,0.00417,0.13581,0.99568,1,0.995,0.96368,0.99568,1,0.995,0.97286,0.23953,0.3155,0.18345,0.00635,0,0.000891345,0.000891345,0.000891345
143,765.52,0.32307,0.43967,0.19002,0.00463,0.12743,0.99617,1,0.995,0.98726,0.99617,1,0.995,0.97211,0.26806,0.32605,0.1854,0.00734,0,0.000885844,0.000885844,0.000885844
144,770.512,0.32667,0.42008,0.17484,0.00475,0.13272,0.99638,1,0.995,0.97284,0.99638,1,0.995,0.97303,0.28787,0.32218,0.22026,0.0074,0,0.000880343,0.000880343,0.000880343
145,775.414,0.32029,0.45092,0.18373,0.00465,0.13823,0.99609,1,0.995,0.98275,0.99609,1,0.995,0.97571,0.27377,0.30864,0.18927,0.00718,0,0.000874842,0.000874842,0.000874842
146,780.339,0.31977,0.42632,0.17657,0.00453,0.13339,0.99642,1,0.995,0.98697,0.99642,1,0.995,0.96839,0.29966,0.30274,0.1736,0.00811,0,0.00086934,0.00086934,0.00086934
147,785.308,0.32449,0.44821,0.19922,0.00454,0.12828,0.99652,1,0.995,0.98804,0.99652,1,0.995,0.97325,0.25303,0.31849,0.14465,0.00658,0,0.000863839,0.000863839,0.000863839
148,790.37,0.32516,0.43708,0.18455,0.00477,0.13142,0.99575,1,0.995,0.97413,0.99575,1,0.995,0.9684,0.27464,0.31801,0.17344,0.00705,0,0.000858338,0.000858338,0.000858338
149,795.427,0.32208,0.42292,0.1809,0.00456,0.13087,0.99547,1,0.995,0.97793,0.99547,1,0.995,0.97142,0.24146,0.32913,0.17765,0.00633,0,0.000852837,0.000852837,0.000852837
150,800.436,0.31794,0.45031,0.19232,0.0043,0.12834,0.99799,1,0.995,0.97135,0.99799,1,0.995,0.96466,0.28609,0.30858,0.22857,0.00808,0,0.000847336,0.000847336,0.000847336
151,805.425,0.31912,0.45451,0.18821,0.00441,0.13718,0.99581,1,0.995,0.9719,0.99581,1,0.995,0.96693,0.30959,0.31229,0.15538,0.00827,0,0.000841835,0.000841835,0.000841835
152,810.416,0.29561,0.41787,0.16543,0.00413,0.12727,0.99632,1,0.995,0.98825,0.99632,1,0.995,0.95993,0.27141,0.30543,0.30834,0.00657,0,0.000836334,0.000836334,0.000836334
153,815.391,0.32141,0.43517,0.18786,0.00433,0.13294,0.99543,1,0.995,0.98151,0.99543,1,0.995,0.96677,0.26849,0.30324,0.19631,0.00646,0,0.000830833,0.000830833,0.000830833
154,820.31,0.30935,0.42587,0.17398,0.00437,0.13722,0.99558,1,0.995,0.97132,0.99558,1,0.995,0.96946,0.26362,0.31054,0.2,0.00694,0,0.000825332,0.000825332,0.000825332
155,825.205,0.31015,0.43148,0.18605,0.00434,0.1356,0.99439,1,0.995,0.97471,0.99439,1,0.995,0.97509,0.2246,0.30569,0.14994,0.00533,0,0.000819831,0.000819831,0.000819831
156,830.084,0.30232,0.43111,0.16563,0.00404,0.12945,0.99314,1,0.995,0.96667,0.99314,1,0.995,0.96044,0.24892,0.32169,0.13033,0.00617,0,0.000814329,0.000814329,0.000814329
157,835.033,0.31084,0.43502,0.17815,0.0043,0.14591,0.99446,1,0.995,0.97536,0.99446,1,0.995,0.96245,0.24633,0.30782,0.15714,0.00597,0,0.000808828,0.000808828,0.000808828
158,839.974,0.28835,0.43687,0.17427,0.00394,0.1308,0.99505,1,0.995,0.9786,0.99505,1,0.995,0.97472,0.23215,0.30542,0.11411,0.00594,0,0.000803327,0.000803327,0.000803327
159,844.84,0.31211,0.43956,0.16834,0.00436,0.12244,0.99497,1,0.995,0.992,0.99497,1,0.995,0.96886,0.25112,0.30952,0.12754,0.00677,0,0.000797826,0.000797826,0.000797826
160,850.243,0.31991,0.4388,0.17959,0.00441,0.14183,0.99528,1,0.995,0.97822,0.99528,1,0.995,0.9719,0.30835,0.31136,0.20223,0.00863,0,0.000792325,0.000792325,0.000792325
161,855.411,0.32046,0.43329,0.18496,0.00434,0.13207,0.99558,1,0.995,0.96561,0.99558,1,0.995,0.97414,0.30106,0.30303,0.1685,0.00735,0,0.000786824,0.000786824,0.000786824
162,861.385,0.31038,0.43659,0.17848,0.00411,0.13415,0.99737,1,0.995,0.98114,0.99737,1,0.995,0.97196,0.28078,0.33287,0.1434,0.00687,0,0.000781323,0.000781323,0.000781323
163,867.879,0.30971,0.44433,0.17839,0.00418,0.13234,0.99525,1,0.995,0.98661,0.99525,1,0.995,0.97396,0.27294,0.3183,0.13373,0.00761,0,0.000775822,0.000775822,0.000775822
164,874.157,0.3164,0.44519,0.18828,0.00411,0.13291,0.99571,1,0.995,0.98087,0.99571,1,0.995,0.97177,0.26204,0.30615,0.10384,0.00635,0,0.000770321,0.000770321,0.000770321
165,879.627,0.29804,0.42686,0.16736,0.00392,0.12996,1,1,0.995,0.98525,1,1,0.995,0.96527,0.25605,0.30961,0.14265,0.0068,0,0.00076482,0.00076482,0.00076482
166,885.326,0.29778,0.43756,0.17167,0.00384,0.13215,0.99476,1,0.995,0.99177,0.99476,1,0.995,0.96923,0.27815,0.30775,0.18444,0.00783,0,0.000759318,0.000759318,0.000759318
167,891.088,0.28216,0.42924,0.16735,0.00375,0.13683,0.99544,1,0.995,0.98146,0.99544,1,0.995,0.9691,0.27374,0.32122,0.20175,0.0073,0,0.000753817,0.000753817,0.000753817
168,896.799,0.29632,0.45078,0.16419,0.0039,0.12621,0.99425,1,0.995,0.99067,0.99425,1,0.995,0.97282,0.26671,0.32613,0.17224,0.00711,0,0.000748316,0.000748316,0.000748316
169,902.513,0.30739,0.44064,0.1728,0.00437,0.1407,0.99437,1,0.995,0.98409,0.99437,1,0.995,0.97509,0.25753,0.30629,0.19735,0.00647,0,0.000742815,0.000742815,0.000742815
170,908.406,0.30888,0.42471,0.17573,0.00404,0.14289,0.99564,1,0.995,0.986,0.99564,1,0.995,0.97113,0.29093,0.31066,0.16663,0.00829,0,0.000737314,0.000737314,0.000737314
171,914.001,0.29097,0.41881,0.17127,0.00395,0.12313,0.99549,1,0.995,0.98577,0.99549,1,0.995,0.96836,0.27035,0.32073,0.16517,0.00683,0,0.000731813,0.000731813,0.000731813
172,919.897,0.30386,0.43247,0.17432,0.00417,0.14352,0.99585,1,0.995,0.9855,0.99585,1,0.995,0.966,0.22968,0.31204,0.13585,0.00584,0,0.000726312,0.000726312,0.000726312
173,925.606,0.31411,0.45117,0.17292,0.00427,0.13473,0.99637,1,0.995,0.97857,0.99637,1,0.995,0.96819,0.24925,0.31772,0.2088,0.00638,0,0.000720811,0.000720811,0.000720811
174,930.861,0.2913,0.41467,0.16799,0.00388,0.12661,0.99632,1,0.995,0.97517,0.99632,1,0.995,0.96568,0.25144,0.32544,0.19473,0.00668,0,0.00071531,0.00071531,0.00071531
175,936.135,0.30039,0.42072,0.17779,0.00423,0.13119,0.99657,1,0.995,0.9808,0.99657,1,0.995,0.96923,0.25785,0.3063,0.11976,0.00665,0,0.000709809,0.000709809,0.000709809
176,941.074,0.3038,0.41961,0.16634,0.004,0.12607,0.99586,1,0.995,0.986,0.99586,1,0.995,0.97571,0.22717,0.29286,0.11488,0.0056,0,0.000704307,0.000704307,0.000704307
177,945.939,0.28716,0.41154,0.1485,0.00378,0.12348,0.99593,1,0.995,0.98877,0.99593,1,0.995,0.97209,0.20746,0.30041,0.15754,0.00521,0,0.000698806,0.000698806,0.000698806
178,950.838,0.26792,0.40023,0.1489,0.00379,0.12279,0.9966,1,0.995,0.98658,0.9966,1,0.995,0.97553,0.30664,0.29845,0.19013,0.00883,0,0.000693305,0.000693305,0.000693305
179,955.705,0.27296,0.42732,0.14667,0.00371,0.12583,0.99645,1,0.995,0.98676,0.99645,1,0.995,0.97339,0.2009,0.29787,0.13215,0.00509,0,0.000687804,0.000687804,0.000687804
180,960.596,0.27667,0.40705,0.16503,0.00377,0.1364,0.99654,1,0.995,0.98833,0.99654,1,0.995,0.97336,0.24102,0.30258,0.15385,0.0063,0,0.000682303,0.000682303,0.000682303
181,965.43,0.29553,0.4116,0.16338,0.00407,0.12416,0.99638,1,0.995,0.98282,0.99638,1,0.995,0.97396,0.25004,0.30194,0.13075,0.00634,0,0.000676802,0.000676802,0.000676802
182,970.259,0.288,0.40886,0.16349,0.00394,0.12637,0.99644,1,0.995,0.99067,0.99644,1,0.995,0.97775,0.23779,0.30162,0.10284,0.00661,0,0.000671301,0.000671301,0.000671301
183,975.43,0.28428,0.41909,0.17049,0.0037,0.12676,0.9958,1,0.995,0.98763,0.9958,1,0.995,0.97786,0.2016,0.29798,0.16298,0.00523,0,0.0006658,0.0006658,0.0006658
184,980.927,0.3089,0.41639,0.1715,0.00451,0.12388,0.9964,1,0.995,0.98853,0.9964,1,0.995,0.97685,0.18441,0.30189,0.20751,0.00433,0,0.000660299,0.000660299,0.000660299
185,986.054,0.29084,0.40783,0.15119,0.00429,0.13287,0.99651,1,0.995,0.98247,0.99651,1,0.995,0.97621,0.23485,0.30055,0.1685,0.00598,0,0.000654798,0.000654798,0.000654798
186,991.396,0.30654,0.41544,0.16332,0.00429,0.12256,0.99643,1,0.995,0.98743,0.99643,1,0.995,0.97482,0.27256,0.3082,0.15234,0.00755,0,0.000649297,0.000649297,0.000649297
187,996.618,0.29238,0.40017,0.1702,0.0046,0.12089,0.99825,1,0.995,0.98086,0.99825,1,0.995,0.97516,0.23778,0.29974,0.14027,0.00642,0,0.000643795,0.000643795,0.000643795
188,1001.6,0.27193,0.39496,0.14726,0.00405,0.12399,0.9964,1,0.995,0.98297,0.9964,1,0.995,0.97179,0.21431,0.29466,0.12095,0.00525,0,0.000638294,0.000638294,0.000638294
189,1006.66,0.28455,0.41624,0.1654,0.00381,0.13081,0.9962,1,0.995,0.9794,0.9962,1,0.995,0.97793,0.2774,0.30587,0.14469,0.00755,0,0.000632793,0.000632793,0.000632793
190,1011.64,0.28713,0.41491,0.16589,0.00381,0.13961,0.99551,1,0.995,0.97974,0.99551,1,0.995,0.97482,0.24398,0.30368,0.14828,0.00594,0,0.000627292,0.000627292,0.000627292
191,1016.59,0.28403,0.40697,0.16061,0.00386,0.1359,0.99614,1,0.995,0.98249,0.99614,1,0.995,0.97635,0.25271,0.30572,0.19787,0.00698,0,0.000621791,0.000621791,0.000621791
192,1021.48,0.28774,0.42558,0.16741,0.00376,0.13744,0.99658,1,0.995,0.98877,0.99658,1,0.995,0.97451,0.20959,0.2996,0.1288,0.00484,0,0.00061629,0.00061629,0.00061629
193,1026.54,0.29035,0.41424,0.16724,0.00384,0.12914,0.99653,1,0.995,0.98763,0.99653,1,0.995,0.97414,0.20606,0.29416,0.117,0.00508,0,0.000610789,0.000610789,0.000610789
194,1031.58,0.26908,0.41632,0.14831,0.00355,0.12814,0.99651,1,0.995,0.987,0.99651,1,0.995,0.97482,0.21072,0.29618,0.15966,0.00539,0,0.000605288,0.000605288,0.000605288
195,1036.57,0.28426,0.42927,0.16304,0.00366,0.13756,0.9964,1,0.995,0.98324,0.9964,1,0.995,0.97414,0.22749,0.29658,0.16274,0.00623,0,0.000599787,0.000599787,0.000599787
196,1041.43,0.26716,0.41348,0.14727,0.00339,0.12285,0.99649,1,0.995,0.98743,0.99649,1,0.995,0.97339,0.20043,0.30252,0.18224,0.0048,0,0.000594286,0.000594286,0.000594286
197,1046.41,0.28177,0.41254,0.15556,0.0038,0.12029,0.99624,1,0.995,0.9848,0.99624,1,0.995,0.97359,0.24599,0.3132,0.18835,0.00601,0,0.000588784,0.000588784,0.000588784
198,1051.58,0.28512,0.42887,0.15777,0.00369,0.12735,0.99605,1,0.995,0.98478,0.99605,1,0.995,0.97422,0.23167,0.30335,0.18748,0.00608,0,0.000583283,0.000583283,0.000583283
199,1056.75,0.26078,0.40126,0.14028,0.00369,0.12639,0.99649,1,0.995,0.989,0.99649,1,0.995,0.97339,0.22835,0.29849,0.17391,0.00564,0,0.000577782,0.000577782,0.000577782
200,1061.86,0.27163,0.42914,0.15202,0.00365,0.1359,0.99664,1,0.995,0.992,0.99664,1,0.995,0.97422,0.22948,0.2993,0.14409,0.00664,0,0.000572281,0.000572281,0.000572281
201,1066.75,0.26431,0.42876,0.14337,0.00373,0.13049,0.99616,1,0.995,0.989,0.99616,1,0.995,0.97359,0.24471,0.30288,0.17571,0.00721,0,0.00056678,0.00056678,0.00056678
202,1071.62,0.27174,0.40103,0.14831,0.00352,0.12786,0.99651,1,0.995,0.989,0.99651,1,0.995,0.97339,0.17618,0.30851,0.10145,0.00454,0,0.000561279,0.000561279,0.000561279
203,1076.55,0.27144,0.41886,0.15913,0.00351,0.12824,0.99642,1,0.995,0.98117,0.99642,1,0.995,0.97576,0.24548,0.29404,0.14588,0.00701,0,0.000555778,0.000555778,0.000555778
204,1081.48,0.2659,0.4057,0.14567,0.00355,0.13701,0.99649,1,0.995,0.992,0.99649,1,0.995,0.97414,0.20374,0.30268,0.10476,0.00532,0,0.000550277,0.000550277,0.000550277
205,1086.38,0.27157,0.4204,0.15995,0.00358,0.12869,0.9965,1,0.995,0.9885,0.9965,1,0.995,0.97339,0.22399,0.29931,0.16625,0.00598,0,0.000544776,0.000544776,0.000544776
206,1091.77,0.26571,0.41758,0.15055,0.00363,0.12704,0.99619,1,0.995,0.98804,0.99619,1,0.995,0.96993,0.24868,0.29936,0.1489,0.00719,0,0.000539275,0.000539275,0.000539275
207,1096.77,0.27197,0.402,0.14966,0.00361,0.1183,0.99607,1,0.995,0.9885,0.99607,1,0.995,0.97036,0.26555,0.29445,0.14325,0.00797,0,0.000533773,0.000533773,0.000533773
208,1101.95,0.26857,0.40886,0.15409,0.00336,0.12156,0.99622,1,0.995,0.98346,0.99622,1,0.995,0.97485,0.23766,0.30835,0.13501,0.00652,0,0.000528272,0.000528272,0.000528272
209,1107.08,0.27744,0.40815,0.1487,0.00371,0.13236,0.99654,1,0.995,0.98527,0.99654,1,0.995,0.97422,0.2109,0.30772,0.08893,0.00462,0,0.000522771,0.000522771,0.000522771
210,1112.43,0.27058,0.39729,0.15183,0.00364,0.1301,0.99619,1,0.995,0.982,0.99619,1,0.995,0.97359,0.23681,0.30124,0.13426,0.00619,0,0.00051727,0.00051727,0.00051727
211,1117.61,0.25759,0.39815,0.15317,0.00329,0.12323,0.99591,1,0.995,0.98853,0.99591,1,0.995,0.97334,0.22066,0.29816,0.12325,0.00551,0,0.000511769,0.000511769,0.000511769
212,1122.65,0.25367,0.40208,0.13193,0.00322,0.12091,0.99627,1,0.995,0.9885,0.99627,1,0.995,0.97127,0.2185,0.29923,0.15646,0.00574,0,0.000506268,0.000506268,0.000506268
213,1127.63,0.28197,0.42556,0.15499,0.00345,0.12766,0.99624,1,0.995,0.9885,0.99624,1,0.995,0.97413,0.26244,0.29961,0.14874,0.00735,0,0.000500767,0.000500767,0.000500767
214,1132.57,0.2562,0.39394,0.14416,0.00349,0.11885,0.99812,1,0.995,0.99177,0.99812,1,0.995,0.97334,0.23203,0.30478,0.14008,0.006,0,0.000495266,0.000495266,0.000495266
215,1137.51,0.26605,0.40958,0.14412,0.00349,0.14171,0.99649,1,0.995,0.992,0.99649,1,0.995,0.9727,0.21011,0.30237,0.11804,0.00545,0,0.000489765,0.000489765,0.000489765
216,1142.4,0.26773,0.41648,0.15709,0.00328,0.12733,0.99628,1,0.995,0.99153,0.99628,1,0.995,0.97422,0.20163,0.29435,0.14045,0.0058,0,0.000484263,0.000484263,0.000484263
217,1147.28,0.24637,0.39526,0.14232,0.0033,0.1181,0.99834,1,0.995,0.98622,0.99834,1,0.995,0.97422,0.20787,0.30061,0.13532,0.00574,0,0.000478762,0.000478762,0.000478762
218,1152.2,0.25052,0.40631,0.13865,0.00328,0.13359,0.99615,1,0.995,0.9868,0.99615,1,0.995,0.97422,0.23602,0.30039,0.14392,0.0068,0,0.000473261,0.000473261,0.000473261
219,1157.15,0.26607,0.40458,0.15391,0.00354,0.12557,0.99627,1,0.995,0.98676,0.99627,1,0.995,0.97359,0.23969,0.29413,0.17474,0.00695,0,0.00046776,0.00046776,0.00046776
220,1162.15,0.24478,0.37925,0.13377,0.00331,0.11891,0.99645,1,0.995,0.98676,0.99645,1,0.995,0.97413,0.19774,0.29673,0.15632,0.00491,0,0.000462259,0.000462259,0.000462259
221,1167.1,0.26334,0.43663,0.14885,0.0032,0.12822,0.9967,1,0.995,0.98726,0.9967,1,0.995,0.97413,0.2197,0.29712,0.17672,0.00591,0,0.000456758,0.000456758,0.000456758
222,1172.12,0.24023,0.39595,0.14143,0.00293,0.13305,0.99635,1,0.995,0.97925,0.99635,1,0.995,0.97413,0.22259,0.29105,0.11277,0.00562,0,0.000451257,0.000451257,0.000451257
223,1177.19,0.25037,0.42613,0.13847,0.00305,0.12798,0.99615,1,0.995,0.9834,0.99615,1,0.995,0.97482,0.21297,0.29084,0.17411,0.00592,0,0.000445756,0.000445756,0.000445756
224,1182.14,0.26018,0.41173,0.14385,0.00333,0.1219,0.99608,1,0.995,0.98807,0.99608,1,0.995,0.969,0.22865,0.303,0.16358,0.00592,0,0.000440255,0.000440255,0.000440255
225,1187,0.25516,0.39671,0.14135,0.00332,0.12651,0.99631,1,0.995,0.989,0.99631,1,0.995,0.97413,0.21773,0.29617,0.16338,0.00525,0,0.000434754,0.000434754,0.000434754
226,1191.94,0.26661,0.41289,0.14387,0.0033,0.11737,0.99663,1,0.995,0.989,0.99663,1,0.995,0.97413,0.22288,0.29222,0.13736,0.0055,0,0.000429253,0.000429253,0.000429253
227,1196.86,0.25503,0.41187,0.14339,0.00341,0.12348,0.99641,1,0.995,0.98853,0.99641,1,0.995,0.97413,0.19801,0.28952,0.12856,0.00535,0,0.000423751,0.000423751,0.000423751
228,1201.8,0.25019,0.40178,0.13587,0.00344,0.11873,0.99641,1,0.995,0.98825,0.99641,1,0.995,0.97413,0.1956,0.29094,0.12395,0.00556,0,0.00041825,0.00041825,0.00041825
229,1206.7,0.27139,0.41983,0.14028,0.00344,0.1259,0.99656,1,0.995,0.98803,0.99656,1,0.995,0.97321,0.20502,0.30137,0.14201,0.0053,0,0.000412749,0.000412749,0.000412749
230,1211.66,0.25308,0.39897,0.14459,0.00334,0.13191,0.99652,1,0.995,0.98804,0.99652,1,0.995,0.97321,0.21552,0.29678,0.12648,0.00617,0,0.000407248,0.000407248,0.000407248
231,1217.84,0.26009,0.40932,0.14912,0.00315,0.12073,0.99649,1,0.995,0.98754,0.99649,1,0.995,0.97431,0.18456,0.29401,0.19361,0.00468,0,0.000401747,0.000401747,0.000401747
232,1224.28,0.26192,0.40065,0.14447,0.00357,0.13293,0.99652,1,0.995,0.98123,0.99652,1,0.995,0.97077,0.26469,0.29078,0.18359,0.00779,0,0.000396246,0.000396246,0.000396246
